"","effect for IQR","lower CI","upper CI"
"no2_all",-20.2658663603838,-21.8822395144906,-18.6494932062771
"no2_all_mac",-16.8776932885186,-18.9566021228514,-14.7987844541859
