"","num_smoker","mean_cig","sd_cig"
"during pregnancy",61703,7.5873728451881,5.52507518401756
"before pregnancy",113588,12.1932706007676,8.19017516890173
"during pregnancy with NBW",58565,7.5394803494688,5.50116870565938
"before preganncy with NBW",109511,12.1336740053509,8.17437846367948
"during pregnancy with LBW",3138,8.48119821542419,5.8834731046788
"before preganncy with LBW",4077,13.7940757910227,8.44879179569717
