"","effect for IQR","lower CI","upper CI"
"bc_all",1.03950516492752,1.01708201792725,1.0624226649028
"bc_all_mac",1.03950516492752,1.01702885307631,1.06247820270041
