"","effect for IQR","lower CI","upper CI"
"no2_all",1.08017903347193,1.05529619840001,1.10564858105371
"no2_all_mac",1.06309138366223,1.03189395031827,1.0952320145576
