"","effect for IQR","lower CI","upper CI"
"no2_30d",-7.99755331089834,-9.53387748272336,-6.46122913907332
"no2_3090d",-4.55120029711932,-6.13772011067476,-2.96468048356388
"no2_90280d",-12.9864229238073,-14.4239520826558,-11.5488937649588
"no2_280d",-21.5591787110983,-23.7193973785706,-19.398960043626
