"","effect for IQR","lower CI","upper CI"
"bc_30d",-11.3487647675721,-12.5690478907828,-10.1284816443613
"bc_3090d",-12.8015401876832,-14.1448462974984,-11.458234077868
"bc_90280d",-4.83369791137212,-6.08215513022891,-3.58524069251534
"bc_280d",-26.4603917084897,-28.5033920455994,-24.41739137138
