"","effect for IQR","lower CI","upper CI"
"bc_all",-3.86314847919331,-5.37846572012857,-2.34783123825805
"bc_all_mac",-3.82335295469186,-5.34225902238842,-2.3044468869953
