minimum,objective,depth,col_rate,label
9181.85892858454,0.0945391632318069,6,0.8,no2_all
4992.53974521556,0.0947449345437309,6,0.9,no2_all
5931.87710326992,0.0951909036236962,6,1,no2_all
15451.2113349151,0.0937758122339842,8,0.8,no2_all
19224.1251559695,0.0942185652249577,8,0.9,no2_all
11523.0514304652,0.0948640596627634,8,1,no2_all
12960.5431552715,0.0935888082776404,10,0.8,no2_all
9156.1472906503,0.0926607319482206,10,0.9,no2_all
21352.727775973,0.0940412107907138,10,1,no2_all
