minimum,objective,depth,col_rate,label
8282.85536127868,0.0954280550246624,6,0.8,bc_all
11259.3973060346,0.0955125500061716,6,0.9,bc_all
9549.77661959413,0.0954813601596222,6,1,bc_all
15451.2316847586,0.0956079399627651,8,0.8,bc_all
9522.77969400507,0.0957061085409769,8,0.9,bc_all
15212.9946534317,0.0957828868757958,8,1,bc_all
15451.2316847586,0.0954869522178782,10,0.8,bc_all
11394.333367964,0.0954617918178958,10,0.9,bc_all
10475.4274695387,0.0958051485489647,10,1,bc_all
