"","effect for IQR","lower CI","upper CI"
"no2_30d",-10.3052291992184,-13.3796308686204,-7.23082752981636
"no2_3090d",-7.28491720926965,-10.6481468338249,-3.92168758471438
"no2_90280d",-15.2425794588378,-17.7434994732515,-12.7416594444242
"no2_280d",-27.5384402544049,-31.7538197181795,-23.3230607906302
