"","effect for IQR","lower CI","upper CI"
"bc_30d",-11.357947930739,-12.5770623541601,-10.138833507318
"bc_3090d",-12.6134123820184,-13.9553676025893,-11.2714571614475
"bc_90280d",-4.57656859110424,-5.82529342941177,-3.3278437527967
"bc_280d",-26.0437027397435,-28.0855780155978,-24.0018274638892
