"","OR for IQR","lower CI","upper CI"
"no2_30d",1.0434960728467,0.999031638979111,1.0899395089821
"no2_3090d",1.05229684000184,1.00220546458765,1.10489183965233
"no2_90280d",1.04925677117947,1.01224163136794,1.08762546189506
"no2_280d",1.12370509720848,1.05772160686825,1.19380481337714
