"","OR for IQR","lower CI","upper CI"
"bc_30d",1.07599432476318,1.03863278901372,1.11469982381547
"bc_3090d",1.07914003323203,1.0389700273169,1.12086314398444
"bc_90280d",1.05527707517941,1.01390861041948,1.09833341383547
"bc_280d",1.20579214004199,1.13443138321882,1.28164180442687
